{
  "name": "Sun",
  "mass": 1.98847e30,
  "radius": 6.96342e8,
  "color": [255, 204, 0]
}
